id,average_message_length,emoticon_ratio,slang_ratio,my_message_stake
0,40.12,0.07142857142857142,0.2857142857142857,0.36000000000000004
